train_acc,train_loss,val_acc,val_loss
0.4029108336932647,3411.2401662973257,0.556560946489448,3374.386186742071
